rank,MAP
50,0.0522029970977
30,0.0466176193151
10,0.0344560324803
