alpha,MAP
5.0,0.0522029970977
1.0,0.0467631594034
0.5,0.0451078466396
