reg,MAP
0.01,0.0522029970977
0.1,0.0520791612707
1,0.0508720323106
